node_name,parent_category,effective_against,effective_range,attack_rate,movement_speed,use_case,ammunition_type,is_throwable,era_used,people_reqd,alternate_name,attack_type,cost,decoration,has_edges,has_part,historical_origin,length_inches,primary_material,secondary_material,used_by,weight_kg
weapon,Root,na,na,na,na,na,na,na,"476,1500",na,,na,,,na,na,,,,,,
melee_weapon,weapon,personnel,na,fast,fast,attack,no_ammunition,not_throwable,inherited,one_person,,na,,,na,na,,,,,,
ranged_weapon,weapon,personnel,na,medium,fast,attack,na,not_throwable,inherited,one_person,,na,,,na,na,,,,,,
siege_weapon,weapon,na,na,na,slow,attack,na,not_throwable,inherited,a_team,,na,,,no_edges,na,,,,,,
bladed_hand_weapon,melee_weapon,inherited,close_quarters,inherited,inherited,inherited,inherited,inherited,inherited,inherited,,cut,,,,blade,,,,,,
blunt_hand_weapon,melee_weapon,inherited,close_quarters,inherited,inherited,inherited,na,inherited,inherited,inherited,,bash,,,,,,,wood,,,
polearm,melee_weapon,inherited,short,inherited,inherited,inherited,na,inherited,inherited,inherited,,thrust,,,na,,,,,,,
artillery,ranged_weapon,fortifications,long,slow,slow,inherited,na,inherited,inherited,a_team,,,,,na,,,,,,,
bow,ranged_weapon,inherited,medium,inherited,inherited,inherited,na,inherited,inherited,inherited,,,,,,,,,,,,
francisca,ranged_weapon,inherited,short,fast,inherited,inherited,no_ammunition,throwable,500-800,inherited,,,,,,[axe_head],francs,"18,21",wood,iron,,
gun,ranged_weapon,inherited,long,slow,inherited,inherited,na,inherited,,inherited,,,,,,,,,,,,
javelin,ranged_weapon,inherited,medium,slow,inherited,inherited,no_ammunition,throwable,inherited,inherited,"[light_spear, france]",puncture,,,,"[shaft,head]",vikings,"72,96",,,,
battering_ram,siege_weapon,fortifications,close_quarters,medium,medium,inherited,no_ammunition,inherited,inherited,inherited,,,,,,,,,,,,
biological_weapon,siege_weapon,personnel,long,medium,inherited,inherited,na,throwable,inherited,inherited,,,,,,,,,,,,
chemical_weapon,siege_weapon,personnel,long,medium,inherited,inherited,na,throwable,inherited,inherited,,,,,,,,,,,,
psychological_weapon,siege_weapon,personnel,long,medium,medium,inherited,no_ammunition,inherited,inherited,inherited,,,,,,,,,,,,
moveable_structure,siege_weapon,fortifications,na,na,inherited,inherited,no_ammunition,inherited,inherited,inherited,,,,,,,,,,,,
cat_and_weasel,moveable_structure,inherited,close_quarters,slow,medium,inherited,inherited,inherited,,inherited,,,,,,,,,,,,
siege_tower,moveable_structure,inherited,short,slow,inherited,inherited,inherited,inherited,,inherited,,,,,,,,,,,,
dagger,bladed_hand_weapon,inherited,close_quarters,inherited,inherited,inherited,inherited,throwable,inherited,inherited,,puncture,,,two_edges,[blade],,,steel,na,"[commoners,knights]",
knife,bladed_hand_weapon,inherited,close_quarters,inherited,inherited,inherited,inherited,throwable,inherited,inherited,,inherited,,,one_edge,[blade],,,steel,wood,,
sword,bladed_hand_weapon,inherited,inherited,inherited,inherited,inherited,inherited,inherited,inherited,inherited,,inherited,,,two_edges,"[blade,hilt,pommel]",,,steel,na,,
club,blunt_hand_weapon,inherited,inherited,inherited,inherited,inherited,inherited,inherited,inherited,inherited,,bash,,,,,,,,,,
flail,blunt_hand_weapon,inherited,inherited,inherited,inherited,inherited,inherited,inherited,,inherited,,,,,,,,,,,,
horsemans_pick,blunt_hand_weapon,inherited,inherited,inherited,inherited,inherited,inherited,inherited,,inherited,,,,,,,,,,,,
mace,blunt_hand_weapon,inherited,inherited,inherited,inherited,inherited,inherited,inherited,,inherited,,inherited,cheap,,,,,"24,48",,,"[foot_soldiers, cavalry]",
flanged_mace,mace,inherited,inherited,inherited,inherited,inherited,inherited,inherited,"900,1300",inherited,bardoukion,puncture,,,,,byzantine_empire,,,,,
holy_water_sprinkler,mace,inherited,inherited,inherited,inherited,inherited,inherited,inherited,inherited,inherited,goupillon,inherited,,,,,,,,,foot_soldiers,
plançon a picot,mace,inherited,inherited,inherited,inherited,inherited,inherited,inherited,"1300,1400",inherited,,puncture,,,,,milan,,,,cavalieri,
morning_star,club,inherited,inherited,inherited,inherited,inherited,inherited,inherited,"1300,1400",inherited,,inherited,,,,,,,,,"[foot_soldiers, peasant_militia]",
bardiche,pollaxe,inherited,inherited,inherited,inherited,inherited,inherited,inherited,inherited,inherited,,inherited,,,,,,,,,,
becs_de_corbin,polearm,inherited,inherited,inherited,inherited,inherited,inherited,inherited,"1300,1500",inherited,war_hammer,puncture,,,,,,,,,,
danish_axe,polearm,inherited,inherited,inherited,inherited,inherited,inherited,throwable,"700,1400",inherited,"[broad_axe, dane_axe]",chop,,,one_edge,"[shaft, axe_head]",vikings,"48,72",,,,
fauchard,polearm,inherited,inherited,inherited,inherited,inherited,inherited,inherited,inherited,inherited,,inherited,,,,,,"72,84",,,,
glaive,polearm,inherited,inherited,inherited,inherited,inherited,inherited,inherited,"1000,1400",inherited,,thrust,,,,"[blade, shaft]",,"72,84",,,"[foot_soldiers, cavalry]",
guisarme,polearm,inherited,inherited,inherited,inherited,inherited,inherited,inherited,"1000,1400",inherited,"[giserne, bisarme]",dismount,,,,"[shaft, hook]",,,,,foot_soldiers,
halberd,polearm,inherited,inherited,inherited,inherited,inherited,inherited,inherited,"1300,1500",inherited,"[swiss_voulge, hellembart]","[chop, thrust]",,,one_edge,"[shaft, axe_head, spike]",swiss,,,,,
lance,polearm,cavalry,inherited,inherited,inherited,inherited,inherited,inherited,inherited,inherited,cavalry_spear,puncture,,,,"[shaft, tip, vamplate]",romans,118-157,,,"[knights,foot_soldiers]",
maul,polearm,inherited,inherited,inherited,inherited,inherited,inherited,inherited,"1300,1500",inherited,,bash,,,,"[shaft,hammer_head]",,,,,archers,
modern_flanged_mace,polearm,inherited,inherited,inherited,inherited,inherited,inherited,inherited,,inherited,,,,,,,,,,,,
pike,polearm,cavalry,medium,inherited,inherited,inherited,inherited,inherited,"500,1700",inherited,geldon,thrust,,,,,,120-240,wood,"[iron,steel]",,
pollaxe,danish_axe,inherited,inherited,inherited,inherited,inherited,inherited,inherited,"1300,1500",inherited,,inherited,,,,,,,,,,
quarterstaff,polearm,inherited,inherited,inherited,inherited,inherited,inherited,inherited,"500,1800",inherited,staff,bash,cheap,,no_edges,,,,wood,na,,
sparth,danish_axe,inherited,inherited,inherited,inherited,inherited,inherited,inherited,"1200,1400",inherited,"[pale_axe, sparr]",inherited,,,inherited,[broad_blade],"[scotland, ireland]",,,,,
spear,polearm,inherited,inherited,inherited,inherited,inherited,inherited,throwable,"500,1400",inherited,,thrust,,,,"[shaft, head]",stone_age,"72,96",wood,"[obsidian, iron, bronze]",,
winged_spear,spear,inherited,inherited,inherited,inherited,inherited,inherited,throwable,inherited,inherited,barred_spear,inherited,,,,"[shaft, head, wings]","[romans, francs, vikings]",inherited,inherited,inherited,,
bohemian_ear_spoon,winged_spear,inherited,inherited,inherited,inherited,inherited,inherited,inherited,inherited,inherited,,inherited,,,,,,inherited,,,,
spetum,winged_spear,inherited,inherited,inherited,inherited,inherited,inherited,inherited,inherited,inherited,,inherited,,,,,,inherited,,,,
ranseur,corsque,inherited,inherited,inherited,inherited,inherited,inherited,inherited,inherited,inherited,,inherited,,,,,,inherited,,,,
corsque,winged_spear,inherited,inherited,inherited,inherited,inherited,inherited,inherited,inherited,inherited,chauve_souris,thrust,,,,[three_bladed_head],,inherited,,,,
partisan,winged_spear,inherited,inherited,inherited,inherited,inherited,inherited,inherited,inherited,inherited,,inherited,,,,,,inherited,,,,
angon,spear,inherited,medium,inherited,inherited,inherited,inherited,throwable,inherited,inherited,,thrown,,,,inherited,anglo_saxons,inherited,inherited,inherited,,
cross_bow,bow,inherited,medium,inherited,inherited,inherited,bolt,inherited,"500,1500",inherited,[frankish_bow],puncture,,,,,,,,,,
arbalest,cross_bow,inherited,inherited,inherited,inherited,inherited,inherited,inherited,"1300,1500",inherited,,,,,,,,,,,,
long_bow,bow,inherited,long,inherited,inherited,inherited,arrow,inherited,"1200,1500",inherited,self_bow,puncture,,,,,,72,"[wood, yew_wood]",,,
arquebus,gun,inherited,inherited,inherited,inherited,inherited,"[shot, bullets]",inherited,"1400,1600",inherited,hook_tube,impact,,,,"[barrel, stock]",,,,,,
musket,arquebus,inherited,inherited,inherited,inherited,inherited,inherited,inherited,inherited,inherited,,inherited,,,,,,,,,,
cavalier,arquebus,inherited,inherited,inherited,inherited,inherited,inherited,inherited,inherited,inherited,,inherited,,,,,,,,,,
hand_cannon,gun,inherited,medium,inherited,inherited,inherited,"[stone, iron_ball, arrow]",inherited,"1100,1600",inherited,gonne,impact,,,,"[barrel, stock]",china,,metal,"[wood, bamboo]",,
cannon,artillery,inherited,inherited,inherited,inherited,inherited,steel_ball,inherited,,inherited,,impact,,,,,,,,,,
stone_thrower,artillery,inherited,inherited,inherited,inherited,inherited,stone,inherited,,inherited,pierrier,impact,,,,,,,wood,,,
arming_sword,sword,inherited,inherited,inherited,inherited,inherited,inherited,inherited,"1000,1350",inherited,,inherited,,,two_edges,,,"30,32",,,knight,
broad_sword,sword,inherited,inherited,inherited,inherited,inherited,inherited,inherited,"1600,1800",inherited,,thrust,,,two_edges,basket_hilt,,"30,32",,,,
falchion,sword,inherited,inherited,inherited,inherited,inherited,inherited,inherited,"1000,1500",inherited,,,,,one_edge,,europe,"30,32",,,mounted_knight,
long_sword,sword,inherited,inherited,inherited,inherited,inherited,inherited,inherited,"1350,1550",inherited,"[bastard_sword, great_sword, hand_and_a_half_sword]",thrust,,,two_edges,fullers_aka_blood_grooves,europe,"40,48",,,knight,"1.2,2.4"
cleaver_falchion,falchion,inherited,inherited,inherited,inherited,inherited,inherited,inherited,,inherited,,,,,,,,,,,,
cusped_falchion,falchion,inherited,inherited,inherited,inherited,inherited,inherited,inherited,,inherited,,,,,,,,,,,,
anelace,dagger,inherited,inherited,inherited,inherited,inherited,inherited,inherited,,inherited,,,,,,,,"20,30",,,,
poingnard,dagger,inherited,inherited,inherited,inherited,inherited,inherited,inherited,"1100,1800",inherited,,,,,,,france,,,,,
rondel,dagger,inherited,inherited,inherited,inherited,inherited,inherited,inherited,,inherited,,,,,,,,20,,,,
stiletto,dagger,inherited,inherited,inherited,inherited,inherited,inherited,inherited,"1100,1800",inherited,misericorde,puncture,,,no_edges,,"[england, germany]",,,,,
bombard,cannon,inherited,inherited,inherited,inherited,inherited,stone_ball,inherited,"1350,1500",inherited,,,,,,,,,,,,
petard,cannon,"[walls, gates, tunnels]",inherited,inherited,inherited,inherited,iron_shot,inherited,"1500,1600",one_person,a_bomb,explosion,,,,,france,,,,,
ballista,stone_thrower,inherited,inherited,inherited,inherited,inherited,iron_tipped_bolt,inherited,"1200,1500",inherited,,inherited,,,,,,,,,,
counterweight_trebuchet,stone_thrower,inherited,inherited,fast,inherited,inherited,inherited,inherited,"1100,1400",inherited,,inherited,,,,,middle_east,,,,,
mangonel,stone_thrower,inherited,inherited,inherited,inherited,inherited,"[multiple_stones, burning_pitch, flammable_pots]",inherited,"1200,1500",inherited,,inherited,,,,[fixed_bowl],,,,,,
onager,stone_thrower,inherited,medium,inherited,inherited,inherited,"[stones, burning_pitch]",inherited,inherited,inherited,,inherited,,,,[sling_basket],romans,,,,,
springald,stone_thrower,inherited,medium,inherited,inherited,inherited,heavy_bolt,inherited,"1200,1500",inherited,,inherited,,,,,,,,,,
traction_trebuchet,stone_thrower,inherited,inherited,inherited,inherited,inherited,inherited,inherited,"400,1400",15_45,,inherited,,,,,china,,,,,
medici_falchion,falchion,inherited,inherited,inherited,inherited,ceremonial,inherited,inherited,1560,,,,,coat_of_arms_of_cosimo_de_medici,,,florence,,,gold_plated,,
the_wallace_sword,long_sword,inherited,inherited,inherited,inherited,inherited,inherited,inherited,1298,,,,,,,,scotland,,,,william_wallace,2.7
mace_of_bishop_odo,mace,inherited,inherited,inherited,inherited,inherited,inherited,inherited,1066,,,,,,,,,,,,bishop_odo_of_bayeux,
almace,arming_sword,inherited,inherited,inherited,inherited,inherited,inherited,inherited,778,,,,,,,,,,,,archbishop_turpin,
royal_armouries_holy_water_sprinkler,holy_water_sprinkler,inherited,inherited,inherited,inherited,ceremonial,inherited,inherited,,,,,,,,,,74.5,,,,
wallace_collection_morning_star,morning_star,inherited,inherited,inherited,inherited,ceremonial,inherited,inherited,"1500,1600",,,,,,,,,,steel,"gold,silver",,
