node_name,parent_category,effective_against,effective_range,attack_rate,movement_speed,use_case,ammunition_type,throwable,era_used,people_reqd,alternate_name,avg_weight,causes_damage,cost,decoration,,has_edges,has_part,historical_origin,length_inches,maintenance_required,primary_function,primary_material,purpose,requires_operator,secondary_material,skill_level,spikes,used_by,weight,weight_kg,,
weapon,Root,na,na,na,na,na,na,na,,na,,,,,,,,,,,periodic,combat,,,human,,"basic,advanced",,,,,,
melee_weapon,weapon,personnel,na,fast,fast,attack,no_ammunition,not_throwable,,,,,,,,,,,,,,,,,,,,,,,,,
ranged_weapon,weapon,personnel,na,medium,fast,attack,na,not_throwable,,,,,,,,,,,,,,,,,,,,,,,,,
siege_weapon,weapon,na,na,na,slow,attack,na,not_throwable,,,,,,,,,,,,,,,,,,,,,,,,,
bladed_hand_weapon,melee_weapon,inherited,short,inherited,inherited,inherited,inherited,inherited,,,,,,,,,,blade,,,,,,,,,,,,,,,
blunt_hand_weapon,melee_weapon,inherited,short,inherited,inherited,inherited,na,inherited,,,,,bash,,,,,,,,,,wood,,,,,,,,,,
polearm,melee_weapon,inherited,medium,inherited,inherited,inherited,na,inherited,,,,,,,,,,,,,,,,,,,,,,,,,
artillery,ranged_weapon,fortifications,long,slow,slow,inherited,na,inherited,,,,,,,,,,,,,,,,,,,,,,,,,
bow,ranged_weapon,inherited,medium,,inherited,inherited,na,inherited,,,,,,,,,,,,,,,,,,,,,,,,,
francisca,ranged_weapon,inherited,short,fast,inherited,inherited,no_ammunition,inherited,500-850,,,,,,,,,,francs,"18,21",,,wood,,,iron,,,,,,,
gun,ranged_weapon,,long,slow,,inherited,na,inherited,,,,,,,,,,,,,,,,,,,,,,,,,
javelin,ranged_weapon,,medium,,inherited,inherited,no_ammunition,throwable,,,,,,,,,,,,,,,,,,,,,,,,,
battering_ram,siege_weapon,fortifications,close,medium,medium,inherited,no_ammunition,inherited,,,,,,,,,,,,,,,,,,,,,,,,,
biological_weapon,siege_weapon,personnel,long,medium,inherited,inherited,na,throwable,,,,,,,,,,,,,,,,,,,,,,,,,
chemical_weapon,siege_weapon,personnel,long,medium,inherited,inherited,na,throwable,,,,,,,,,,,,,,,,,,,,,,,,,
psychological_weapon,siege_weapon,personnel,long,medium,medium,inherited,no_ammunition,inherited,,,,,,,,,,,,,,,,,,,,,,,,,
moveable_structure,siege_weapon,fortifications,na,na,inherited,inherited,no_ammunition,inherited,,,,,,,,,,,,,,,,,,,,,,,,,
cat_and_weasel,moveable_structure,inherited,close,slow,medium,inherited,inherited,inherited,,,,,,,,,,,,,,,,,,,,,,,,,
siege_tower,moveable_structure,inherited,short,slow,inherited,inherited,inherited,inherited,,,,,,,,,,,,,,,,,,,,,,,,,
dagger,bladed_hand_weapon,inherited,close,inherited,inherited,inherited,inherited,throwable,,,,,puncture,,,,two_edges,,,,,,,,,,,,commoners, knights,,,
knife,bladed_hand_weapon,inherited,close,inherited,inherited,inherited,inherited,throwable,,,,,cut,,,,one_edge,,,,,,,,,,,,,,,,
sword,bladed_hand_weapon,inherited,inherited,inherited,inherited,inherited,inherited,inherited,,,,,cut,,,,two_edges,"[blade,hilt,pommel]",,,,,steel,,,,,,,,,,
club,blunt_hand_weapon,inherited,inherited,inherited,inherited,inherited,inherited,inherited,,,,,,,,,,,,,,,,,,,,,,,,,
flail,blunt_hand_weapon,inherited,inherited,inherited,inherited,inherited,inherited,inherited,,,,,,,,,,,,,,,,,,,,,,,,,
horsemans_pick,blunt_hand_weapon,inherited,inherited,inherited,inherited,inherited,inherited,inherited,,,,,,,,,,,,,,,,,,,,,,,,,
mace,blunt_hand_weapon,inherited,inherited,inherited,inherited,inherited,inherited,inherited,,,,,,cheap,,,,,,"24,48",,,,,,,,,foot_soldiers, cavalry,,,
war_hammer,blunt_hand_weapon,inherited,inherited,inherited,inherited,inherited,inherited,throwable,,,,,,,,,,,,,,,,,,,,,,,,,
flanged_mace,mace,inherited,inherited,inherited,inherited,inherited,inherited,inherited,"900,1300",,bardoukion,,puncture,,,,,,byzantine_empire,,,,,,,,,,,,,,
holy_water_sprinkler,mace,inherited,inherited,inherited,inherited,inherited,inherited,inherited,,,goupillon,,,,,,,,,,,,,,,,,,foot_soldiers,,,,
plançon a picot,mace,inherited,inherited,inherited,inherited,inherited,inherited,inherited,1300-1399,,,,puncture,,,,,,milan,,,,,,,,,,cavalieri,,,,
morning_star,club,inherited,inherited,inherited,inherited,inherited,inherited,inherited,1300-1400,,,,,,,,,,,,,,,,,,,,foot_soldiers, peasant_militia,,,
bardiche,polearm,inherited,,inherited,inherited,inherited,inherited,inherited,,,,,,,,,,,,,,,,,,,,,,,,,
becs_de_corbin,polearm,inherited,,inherited,inherited,inherited,inherited,inherited,,,,,,,,,,,,,,,,,,,,,,,,,
corseque,polearm,inherited,,inherited,inherited,inherited,inherited,inherited,,,,,,,,,,,,,,,,,,,,,,,,,
danish_axe,polearm,inherited,,inherited,inherited,inherited,inherited,throwable,,,,,,,,,,,,,,,,,,,,,,,,,
fauchard,polearm,inherited,,inherited,inherited,inherited,inherited,inherited,,,,,,,,,,,,,,,,,,,,,,,,,
glaive,polearm,inherited,,inherited,inherited,inherited,inherited,inherited,,,,,,,,,,,,,,,,,,,,,,,,,
guisarme,polearm,inherited,,inherited,inherited,inherited,inherited,inherited,,,,,,,,,,,,,,,,,,,,,,,,,
halberd,polearm,inherited,,inherited,inherited,inherited,inherited,inherited,,,,,,,,,,,,,,,,,,,,,,,,,
lance,polearm,inherited,,inherited,inherited,inherited,inherited,inherited,,,,,,,,,,,,,,,,,,,,,,,,,
maul,polearm,inherited,,inherited,inherited,inherited,inherited,inherited,,,,,,,,,,,,,,,,,,,,,,,,,
modern_flanged_mace,polearm,inherited,,inherited,inherited,inherited,inherited,inherited,,,,,,,,,,,,,,,,,,,,,,,,,
pike,polearm,inherited,,inherited,inherited,inherited,inherited,inherited,,,,,,,,,,,,,,,,,,,,,,,,,
pollaxe,polearm,inherited,,inherited,inherited,inherited,inherited,inherited,,,,,,,,,,,,,,,,,,,,,,,,,
quarterstaff,polearm,inherited,,inherited,inherited,inherited,inherited,inherited,,,,,,,,,,,,,,,,,,,,,,,,,
sparth,polearm,inherited,,inherited,inherited,inherited,inherited,inherited,,,,,,,,,,,,,,,,,,,,,,,,,
spear,polearm,inherited,,inherited,inherited,inherited,inherited,throwable,,,,,,,,,,,,,,,,,,,,,,,,,
winged_spear,polearm,inherited,,inherited,inherited,inherited,inherited,throwable,,,,,,,,,,,,,,,,,,,,,,,,,
cross_bow,bow,inherited,medium,,,inherited,bolt,inherited,,,arbalest,,,,,,,,,,,,,,,,,,,,,,
long_bow,bow,inherited,long,,,inherited,arrow,inherited,,,,,,,,,,,,,,,,,,,,,,,,,
arquebus,gun,,,,,inherited,,inherited,,,,,,,,,,,,,,,,,,,,,,,,,
hand_cannon,gun,,,,,inherited,,inherited,,,,,,,,,,,,,,,,,,,,,,,,,
cannon,artillery,inherited,,,,inherited,steel_ball,inherited,,,,,,,,,,,,,,,,,,,,,,,,,
stone_thrower,artillery,inherited,,,,inherited,stone,inherited,,,pierrier,,,,,,,,,,,,,,,,,,,,,,
arming_sword,sword,inherited,,,,inherited,inherited,inherited,"1000,1350",,,light,,,,,two_edges,,,"30,32",,,,,,,,,knight,,,,
broad_sword,sword,inherited,,,,inherited,inherited,inherited,"1600,1799",,,substantial,thrust,,,,two_edges,basket_hilt,,"30,32",,,,,,,,,,,,,
falchion,sword,inherited,,,,inherited,inherited,inherited,"1000,1500",,,,,,,,one_edge,,europe,"30,32",,,,,,,,,mounted_knight,,,,
long_sword,sword,inherited,,,,inherited,inherited,inherited,,,"[bastard_sword, great_sword, hand_and_a_half_sword]",,,,,,,"1350,1550",two_edges,fullers_aka_blood_grooves,europe,"40,48",,,,,,,,,knight,,"1.2,2.4"
cleaver_falchion,falchion,inherited,,,,inherited,inherited,inherited,,,,,,,,,,,,,,,,,,,,,,,,,
cusped_falchion,falchion,inherited,,,,inherited,inherited,inherited,,,,,,,,,,,,,,,,,,,,,,,,,
anelace,dagger,inherited,,,,inherited,inherited,inherited,,,,,,,,,,,,"20,30",,,,,,,,,,,,,
poingnard,dagger,inherited,,,,inherited,inherited,inherited,"1100,1799",,,,,,,,,,france,,,,,,,,,,,lightweight,,,
rondel,dagger,inherited,,,,inherited,inherited,inherited,,,,,,,,,,,,20.00,,,,,,,,,,,,,
stiletto,dagger,inherited,,,,inherited,inherited,inherited,"1100,1799",,misericorde,,puncture,,,,no_edges,,england, germany,,,,,,,,,,,,,
bombard,cannon,inherited,,,,inherited,stone_ball,inherited,,,,,,,,,,,,,,,,,,,,,,,,,
petard,cannon,inherited,,,,inherited,iron_shot,inherited,,,,,,,,,,,,,,,,,,,,,,,,,
ballista,stone_thrower,inherited,inherited,inherited,,inherited,iron_tipped_bolt,inherited,,,,,,,,,,,,,,,,,,,,,,,,,
counterweight_trebuchet,stone_thrower,inherited,inherited,inherited,,inherited,inherited,inherited,,,,,,,,,,,,,,,,,,,,,,,,,
mangonel,stone_thrower,inherited,inherited,inherited,,inherited,inherited,inherited,,,,,,,,,,,,,,,,,,,,,,,,,
onager,stone_thrower,inherited,medium,inherited,,inherited,inherited,inherited,,,,,,,,,,,,,,,,,,,,,,,,,
springald,stone_thrower,inherited,medium,inherited,,inherited,2.4kg_bolt,inherited,,,,,,,,,,,,,,,,,,,,,,,,,
traction_trebuchet,stone_thrower,inherited,inherited,inherited,,inherited,inherited,inherited,,,,,,,,,,,,,,,,,,,,,,,,,
medici_falchion,falchion,inherited,inherited,inherited,,ceremonial,inherited,inherited,"1,560.00",,,,,,coat_of_arms_of_cosimo_de_medici,,,,florence,,,,,,,gold_plated,,,,,,,
the_wallace_sword,long_sword,inherited,inherited,inherited,,inherited,inherited,inherited,late_13th_century,,,,,,,,,,scotland,,,,,,,,,,,,2.70,,
mace_of_bishop_odo,mace,inherited,inherited,inherited,,inherited,inherited,inherited,"1,066.00",,,,,,,,,,,,,,,,,,,,bishop_odo_of_bayeux,,,,
almace,arming_sword,inherited,inherited,inherited,,inherited,inherited,inherited,778.00,,,,,,,,,,,,,,,,,,,,archbishop_turpin,,,,
royal_armouries_holy_water_sprinkler,holy_water_sprinkler,inherited,inherited,inherited,,ceremonial,inherited,inherited,,,,,,,,,,,,74.50,,,,,,,,eighteen_spikes,,,,,
wallace_collection_morning_star,morning_star,inherited,inherited,inherited,,ceremonial,inherited,inherited,1500-1599,,,,,,,,,,,,,,steel,decorative,,"gold,silver",,,,,,,
